Cifras oficiales de población de los municipios españoles en aplicación de la Ley de Bases del Régimen Local (Art. 17);;;;;;;;;;;;;;;;;;;;;;;;;;;
Detalle municipal;;;;;;;;;;;;;;;;;;;;;;;;;;;
;;;;;;;;;;;;;;;;;;;;;;;;;;;
Badajoz: Población por municipios y sexo. ;;;;;;;;;;;;;;;;;;;;;;;;;;;
Unidades:   Personas;;;;;;;;;;;;;;;;;;;;;;;;;;;
;;;;;;;;;;;;;;;;;;;;;;;;;;;
 ;Total;;;;;;;;;;;;;;;;;;;;;;;;;;
 ;2024;2023;2022;2021;2020;2019;2018;2017;2016;2015;2014;2013;2012;2011;2010;2009;2008;2007;2006;2005;2004;2003;2002;2001;2000;1999;1998
06001 Acedera;802;814;816;820;826;807;798;818;823;816;831;826;810;823;818;821;833;842;846;859;870;904;897;942;969;995;1.001
06002 Aceuchal;5.404;5.446;5.456;5.467;5.478;5.449;5.461;5.436;5.485;5.471;5.538;5.566;5.702;5.717;5.723;5.679;5.657;5.583;5.518;5.422;5.368;5.322;5.344;5.285;5.304;5.240;5.240
06003 Ahillones;784;797;826;851;863;871;893;914;934;960;990;989;998;1.007;1.032;1.052;1.058;1.064;1.084;1.107;1.113;1.124;1.158;1.168;1.200;1.211;1.227
06004 Alange;1.808;1.831;1.844;1.850;1.856;1.848;1.880;1.891;1.915;1.914;1.946;1.952;1.971;1.994;2.013;2.005;2.019;2.033;2.035;2.020;2.020;2.021;2.038;2.063;2.057;2.063;2.035
06005 La Albuera;1.992;2.002;2.014;2.026;2.035;2.028;2.029;2.024;2.031;2.046;2.029;2.069;2.078;2.051;2.030;1.986;1.972;1.856;1.833;1.820;1.797;1.797;1.799;1.796;1.804;1.789;1.788
06006 Alburquerque;4.998;5.063;5.144;5.245;5.293;5.343;5.340;5.371;5.436;5.486;5.524;5.544;5.587;5.619;5.678;5.704;5.783;5.805;5.656;5.639;5.616;5.614;5.622;5.605;5.645;5.660;5.660
06007 Alconchel;1.626;1.634;1.644;1.654;1.659;1.680;1.704;1.717;1.750;1.790;1.840;1.866;1.873;1.894;1.932;1.951;1.966;1.970;1.979;2.000;1.984;1.986;2.042;2.069;2.106;2.153;2.153
06008 Alconera;756;758;750;744;743;744;730;738;756;747;743;746;744;736;728;737;739;735;741;747;749;725;737;731;721;734;746
06009 Aljucén;255;261;243;250;250;264;245;242;249;240;230;245;248;255;242;252;240;241;245;247;243;239;260;260;255;245;230
06010 Almendral;1.197;1.195;1.207;1.223;1.239;1.232;1.240;1.262;1.282;1.296;1.312;1.319;1.286;1.308;1.312;1.307;1.311;1.273;1.316;1.361;1.352;1.377;1.404;1.455;1.478;1.499;1.516
06011 Almendralejo;34.284;33.948;33.669;33.741;33.855;33.474;33.468;33.540;34.543;34.265;35.014;35.101;34.694;34.319;33.975;33.588;33.177;31.072;30.741;29.889;29.132;28.595;28.030;27.806;27.610;27.554;27.443
06012 Arroyo de San Serván;4.061;4.038;4.054;4.081;4.080;4.107;4.126;4.167;4.159;4.175;4.195;4.258;4.267;4.253;4.274;4.276;4.283;4.184;4.138;4.083;3.995;3.926;3.922;3.938;3.970;3.994;3.994
06013 Atalaya;258;278;285;288;294;301;293;294;298;302;308;312;319;321;330;338;329;339;340;336;344;350;353;366;369;372;374
06014 Azuaga;7.595;7.624;7.636;7.702;7.747;7.853;7.891;7.984;8.008;8.031;8.145;7.959;8.205;8.273;8.303;8.301;8.396;8.501;8.536;8.611;8.320;8.402;8.580;8.745;8.735;8.924;9.091
06015 Badajoz;150.570;150.190;150.146;150.610;150.984;150.702;150.530;150.543;149.946;149.892;150.517;150.621;152.270;151.565;150.376;148.334;146.832;145.257;143.748;143.019;139.135;138.415;136.851;136.319;136.136;136.613;134.710
06 Badajoz (Provincia);664.970;665.089;666.971;669.943;672.137;673.559;676.376;679.884;684.113;686.730;690.929;693.729;694.533;693.921;692.137;688.777;685.246;678.459;673.474;671.299;663.896;663.142;662.808;664.251;661.874;664.625;663.803
06016 Barcarrota;3.473;3.452;3.445;3.498;3.483;3.510;3.580;3.608;3.621;3.634;3.631;3.683;3.692;3.708;3.709;3.698;3.726;3.664;3.518;3.627;3.660;3.675;3.616;3.717;3.742;3.706;3.744
06017 Baterno;238;243;248;258;266;283;293;305;310;318;323;326;335;346;355;352;362;355;354;362;366;375;389;396;403;404;411
06018 Benquerencia de la Serena;789;783;808;808;812;829;841;849;865;888;903;904;925;933;938;948;979;979;972;972;969;972;980;1.019;1.033;1.075;1.075
06019 Berlanga;2.214;2.219;2.241;2.306;2.331;2.343;2.360;2.386;2.412;2.434;2.456;2.458;2.486;2.474;2.486;2.484;2.511;2.546;2.564;2.616;2.612;2.580;2.637;2.697;2.694;2.721;2.716
06020 Bienvenida;2.021;2.031;2.070;2.087;2.081;2.087;2.128;2.149;2.211;2.218;2.254;2.247;2.275;2.319;2.332;2.326;2.324;2.343;2.336;2.349;2.365;2.361;2.350;2.364;2.364;2.375;2.366
06021 Bodonal de la Sierra;993;1.001;1.008;1.017;1.036;1.049;1.052;1.060;1.070;1.081;1.093;1.098;1.135;1.137;1.162;1.139;1.146;1.143;1.176;1.174;1.183;1.197;1.208;1.239;1.265;1.264;1.280
06022 Burguillos del Cerro;2.970;3.015;3.047;3.076;3.066;3.057;3.085;3.090;3.132;3.179;3.204;3.280;3.255;3.296;3.314;3.286;3.278;3.238;3.143;3.196;3.183;3.193;3.243;3.310;3.321;3.340;3.346
06023 Cabeza del Buey;4.526;4.583;4.682;4.732;4.808;4.864;4.929;5.015;5.065;5.138;5.234;5.354;5.338;5.365;5.395;5.411;5.499;5.620;5.559;5.648;5.691;5.809;5.957;6.003;5.982;6.071;6.067
06024 Cabeza la Vaca;1.255;1.272;1.296;1.298;1.298;1.309;1.331;1.345;1.366;1.391;1.403;1.417;1.430;1.440;1.463;1.479;1.499;1.521;1.542;1.579;1.575;1.601;1.610;1.631;1.646;1.655;1.666
06025 Calamonte;6.120;6.095;6.115;6.152;6.170;6.162;6.241;6.260;6.255;6.330;6.354;6.360;6.361;6.308;6.284;6.178;6.155;6.095;6.084;6.128;6.115;6.108;6.136;6.104;6.002;6.008;6.003
06026 Calera de León;918;917;933;946;930;960;969;999;1.003;1.014;1.002;1.009;1.029;1.053;1.053;1.060;1.070;1.082;1.100;1.095;1.062;1.074;1.093;1.100;1.112;1.111;1.118
06027 Calzadilla de los Barros;685;699;716;721;736;755;769;789;823;845;848;858;914;936;845;863;844;848;854;851;860;845;855;855;848;848;845
06028 Campanario;4.705;4.742;4.787;4.823;4.854;4.896;4.967;5.025;5.083;5.150;5.182;5.202;5.256;5.293;5.354;5.367;5.429;5.470;5.502;5.529;5.592;5.677;5.723;5.681;5.675;5.765;5.777
06029 Campillo de Llerena;1.314;1.329;1.325;1.333;1.343;1.360;1.373;1.390;1.406;1.414;1.424;1.427;1.442;1.461;1.485;1.518;1.533;1.562;1.605;1.624;1.655;1.682;1.731;1.734;1.745;1.776;1.784
06030 Capilla;145;155;161;165;172;182;186;187;188;191;187;180;182;192;179;187;190;189;198;193;197;203;212;216;225;226;228
06031 Carmonita;520;518;525;532;524;540;551;562;562;561;561;557;574;578;573;581;591;595;610;627;632;644;639;650;652;672;680
06032 El Carrascalejo;77;78;84;90;85;83;67;70;74;71;68;79;84;90;93;85;79;77;83;82;72;76;75;71;73;56;37
06033 Casas de Don Pedro;1.370;1.380;1.436;1.456;1.447;1.439;1.483;1.527;1.544;1.560;1.559;1.598;1.646;1.697;1.674;1.632;1.656;1.634;1.545;1.624;1.679;1.700;1.737;1.756;1.737;1.780;1.766
06034 Casas de Reina;207;203;194;202;199;196;191;197;194;199;196;193;208;212;208;196;201;173;184;193;201;213;228;242;249;251;254
06035 Castilblanco;844;852;864;903;915;951;972;1.005;1.040;1.085;1.094;1.135;1.148;1.157;1.156;1.151;1.160;1.133;1.110;1.146;1.200;1.233;1.293;1.357;1.385;1.418;1.428
06036 Castuera;5.497;5.567;5.637;5.708;5.784;5.880;5.921;6.027;6.115;6.163;6.255;6.324;6.422;6.469;6.521;6.594;6.652;6.675;6.645;6.714;6.826;6.847;6.989;7.114;7.215;7.354;7.526
06042 Cheles;1.177;1.162;1.159;1.172;1.173;1.176;1.210;1.213;1.227;1.221;1.220;1.219;1.223;1.241;1.261;1.287;1.308;1.294;1.302;1.296;1.312;1.307;1.332;1.323;1.326;1.349;1.378
06037 La Codosera;2.025;2.004;2.025;2.049;2.061;2.075;2.119;2.131;2.186;2.197;2.221;2.284;2.337;2.320;2.320;2.322;2.305;2.290;2.269;2.239;2.220;2.248;2.309;2.372;2.397;2.375;2.376
06038 Cordobilla de Lácara;827;838;855;878;897;909;916;937;945;960;974;974;979;987;997;967;983;1.010;1.008;1.023;1.048;1.030;1.026;1.047;1.038;1.030;1.030
06039 La Coronada;2.148;2.153;2.172;2.175;2.165;2.162;2.182;2.193;2.200;2.195;2.197;2.208;2.242;2.234;2.231;2.239;2.238;2.260;2.300;2.337;2.340;2.367;2.409;2.423;2.447;2.468;2.486
06040 Corte de Peleas;1.165;1.163;1.187;1.207;1.191;1.222;1.238;1.267;1.282;1.312;1.301;1.301;1.334;1.345;1.316;1.307;1.262;1.257;1.290;1.256;1.257;1.253;1.297;1.297;1.289;1.307;1.283
06041 Cristina;547;553;558;551;551;552;567;567;560;556;565;566;561;565;561;562;573;569;565;561;558;543;548;556;555;572;573
06043 Don Álvaro;815;814;807;784;775;788;768;766;762;781;771;750;758;761;766;743;729;729;681;633;638;651;668;683;677;670;672
06044 Don Benito;37.728;37.485;37.310;37.275;37.284;37.151;37.010;36.924;36.975;36.971;37.011;37.149;37.048;36.660;36.227;35.791;35.334;34.540;34.051;33.392;32.783;32.168;32.023;31.729;31.454;31.367;31.350
06045 Entrín Bajo;540;546;557;552;552;551;569;583;583;562;580;573;608;610;608;602;616;601;596;605;606;623;639;661;670;676;682
06046 Esparragalejo;1.494;1.510;1.480;1.474;1.460;1.462;1.459;1.463;1.488;1.489;1.498;1.513;1.526;1.553;1.573;1.580;1.570;1.556;1.527;1.550;1.521;1.513;1.532;1.524;1.536;1.519;1.552
06047 Esparragosa de la Serena;933;960;975;994;998;1.019;1.031;1.032;1.043;1.060;1.058;1.049;1.069;1.065;1.075;1.088;1.094;1.104;1.113;1.108;1.121;1.123;1.129;1.125;1.127;1.136;1.138
06048 Esparragosa de Lares;854;875;883;895;906;925;938;942;954;972;987;997;1.018;1.017;1.031;1.021;1.041;1.061;1.068;1.066;1.068;1.078;1.107;1.150;1.167;1.201;1.235
06049 Feria;1.047;1.050;1.073;1.077;1.115;1.144;1.150;1.176;1.197;1.209;1.230;1.268;1.268;1.305;1.320;1.341;1.361;1.369;1.375;1.391;1.400;1.424;1.435;1.440;1.435;1.441;1.426
06050 Fregenal de la Sierra;4.743;4.753;4.773;4.811;4.836;4.847;4.918;4.904;4.914;4.968;5.001;5.078;5.148;5.178;5.203;5.237;5.277;5.270;5.275;5.253;5.234;5.257;5.295;5.331;5.379;5.360;5.360
06051 Fuenlabrada de los Montes;1.709;1.736;1.755;1.793;1.811;1.845;1.879;1.898;1.911;1.921;1.930;1.941;1.961;1.972;1.947;1.955;1.935;1.948;1.935;1.967;1.953;1.981;2.046;2.062;2.078;2.082;2.063
06052 Fuente de Cantos;4.592;4.638;4.667;4.684;4.687;4.721;4.784;4.852;4.903;4.941;5.002;5.021;4.944;4.990;5.048;5.039;5.086;5.092;5.050;5.068;4.982;5.012;5.059;5.071;5.039;5.039;5.045
06053 Fuente del Arco;660;668;680;681;681;688;697;693;702;709;719;734;745;758;763;750;772;769;744;754;740;744;776;808;825;840;838
06054 Fuente del Maestre;6.567;6.626;6.659;6.704;6.714;6.743;6.774;6.822;6.867;6.856;6.906;6.952;6.943;6.929;6.946;6.962;6.939;6.920;6.900;6.798;6.772;6.789;6.819;6.849;6.818;6.860;6.815
06055 Fuentes de León;2.158;2.198;2.232;2.244;2.248;2.302;2.311;2.340;2.388;2.415;2.430;2.449;2.468;2.513;2.542;2.571;2.588;2.600;2.643;2.674;2.669;2.683;2.718;2.732;2.742;2.748;2.789
06056 Garbayuela;475;494;502;510;509;508;522;532;530;543;543;551;559;551;549;547;548;542;531;537;546;549;547;563;583;593;596
06057 Garlitos;530;539;543;554;565;587;599;614;631;630;631;643;634;642;656;681;688;688;710;725;736;752;774;783;799;791;784
06058 La Garrovilla;2.292;2.297;2.317;2.334;2.357;2.346;2.401;2.421;2.410;2.453;2.434;2.393;2.513;2.497;2.490;2.506;2.500;2.458;2.387;2.477;2.542;2.557;2.599;2.625;2.637;2.638;2.618
06059 Granja de Torrehermosa;1.900;1.933;1.940;1.965;1.977;2.014;2.041;2.101;2.122;2.160;2.186;2.240;2.269;2.287;2.352;2.377;2.406;2.406;2.420;2.456;2.478;2.477;2.533;2.556;2.578;2.625;2.637
06903 Guadiana;2.437;2.416;2.414;2.465;2.492;2.485;2.518;2.550;2.544;2.527;2.519;2.501; ; ; ; ; ; ; ; ; ; ; ; ; ; ; 
06060 Guareña;6.649;6.668;6.771;6.812;6.888;6.964;7.006;7.057;7.097;7.151;7.227;7.274;7.289;7.316;7.300;7.312;7.365;7.326;7.350;7.314;7.330;7.329;7.383;7.438;7.474;7.375;7.393
06061 La Haba;1.214;1.208;1.214;1.206;1.219;1.243;1.247;1.263;1.275;1.286;1.296;1.307;1.319;1.350;1.351;1.367;1.383;1.382;1.397;1.441;1.451;1.451;1.471;1.456;1.467;1.465;1.465
06062 Helechosa de los Montes;562;587;597;612;626;647;653;665;684;716;715;707;727;738;721;716;722;742;747;775;774;750;764;753;766;770;789
06063 Herrera del Duque;3.399;3.413;3.467;3.465;3.489;3.482;3.485;3.557;3.614;3.686;3.706;3.691;3.707;3.702;3.681;3.688;3.676;3.688;3.686;3.695;3.670;3.741;3.836;3.893;3.913;3.946;4.018
06064 Higuera de la Serena;887;901;924;937;936;948;941;948;943;969;1.001;1.020;1.025;1.041;1.036;1.043;1.049;1.066;1.086;1.115;1.134;1.157;1.208;1.200;1.224;1.252;1.275
06065 Higuera de Llerena;339;350;340;335;337;347;343;346;358;352;348;351;358;366;365;353;364;378;387;392;406;409;422;442;449;475;478
06066 Higuera de Vargas;1.856;1.882;1.934;1.930;1.925;1.955;1.950;1.975;2.011;2.020;2.028;2.057;2.083;2.108;2.128;2.154;2.152;2.160;2.158;2.184;2.167;2.166;2.194;2.230;2.221;2.246;2.239
06067 Higuera la Real;2.202;2.199;2.216;2.202;2.219;2.253;2.264;2.297;2.327;2.359;2.401;2.413;2.461;2.464;2.483;2.474;2.519;2.509;2.514;2.505;2.507;2.521;2.551;2.547;2.584;2.696;2.696
06068 Hinojosa del Valle;480;477;479;476;475;483;489;489;503;514;519;519;529;544;547;558;563;555;556;557;572;585;593;599;610;610;605
06069 Hornachos;3.396;3.418;3.487;3.509;3.537;3.595;3.639;3.673;3.709;3.749;3.777;3.804;3.812;3.837;3.875;3.867;3.867;3.829;3.829;3.840;3.810;3.827;3.832;3.857;3.861;3.815;3.814
06070 Jerez de los Caballeros;9.112;9.147;9.167;9.171;9.196;9.303;9.367;9.445;9.531;9.615;9.623;9.719;9.870;9.918;9.980;10.237;10.177;9.828;9.778;9.776;9.723;9.664;9.613;9.647;9.594;9.609;9.409
06071 La Lapa;293;294;288;277;279;281;284;289;288;287;285;285;294;298;295;296;294;302;307;310;310;314;315;317;328;337;341
06073 Llera;802;806;822;823;829;836;860;875;870;888;905;904;917;925;938;947;944;953;951;948;948;953;955;956;969;974;1.001
06074 Llerena;5.645;5.650;5.670;5.697;5.743;5.804;5.758;5.821;5.877;5.929;5.969;5.976;5.986;5.984;5.982;5.997;5.943;5.995;5.836;5.764;5.659;5.588;5.549;5.593;5.621;5.670;5.687
06072 Lobón;2.734;2.745;2.761;2.760;2.756;2.746;2.757;2.804;2.825;2.837;2.840;2.866;2.869;2.837;2.797;2.723;2.655;2.663;2.646;2.647;2.620;2.627;2.666;2.699;2.725;2.737;2.736
06075 Magacela;498;489;507;511;523;530;526;535;533;552;561;561;573;580;596;607;629;652;635;648;661;646;666;685;709;731;734
06076 Maguilla;929;943;961;960;957;974;970;982;999;1.007;1.010;1.009;1.025;1.043;1.074;1.084;1.091;1.078;1.099;1.132;1.113;1.112;1.120;1.133;1.151;1.168;1.155
06077 Malcocinado;346;356;344;351;356;365;374;372;379;395;405;413;426;445;449;449;452;477;484;486;501;521;533;530;546;552;562
06078 Malpartida de la Serena;518;524;528;536;543;556;569;572;593;599;610;605;628;643;662;662;676;692;700;719;736;750;765;779;782;794;800
06079 Manchita;737;751;750;769;764;765;763;774;770;760;761;748;765;757;760;764;754;745;736;749;751;754;754;769;770;776;775
06080 Medellín;2.237;2.237;2.232;2.247;2.275;2.263;2.276;2.285;2.300;2.306;2.321;2.342;2.349;2.354;2.343;2.337;2.369;2.380;2.346;2.348;2.361;2.357;2.378;2.368;2.400;2.440;2.452
06081 Medina de las Torres;1.166;1.153;1.161;1.163;1.176;1.184;1.207;1.238;1.256;1.280;1.287;1.290;1.305;1.316;1.330;1.338;1.359;1.370;1.384;1.403;1.420;1.446;1.494;1.512;1.512;1.533;1.536
06082 Mengabril;491;488;485;489;498;475;472;470;471;472;479;474;472;465;475;487;477;470;447;442;455;452;450;453;462;456;465
06083 Mérida;59.857;59.461;59.324;59.424;59.548;59.335;59.352;59.187;59.174;58.971;58.985;59.049;58.164;57.797;57.127;56.395;55.568;54.894;53.915;53.089;52.200;52.110;50.780;51.056;50.478;50.387;50.471
06084 Mirandilla;1.246;1.223;1.231;1.247;1.262;1.267;1.300;1.308;1.344;1.349;1.357;1.346;1.362;1.365;1.376;1.377;1.374;1.368;1.364;1.358;1.355;1.344;1.358;1.325;1.364;1.420;1.389
06085 Monesterio;4.230;4.254;4.302;4.267;4.216;4.226;4.254;4.261;4.292;4.306;4.345;4.361;4.362;4.347;4.414;4.378;4.396;4.368;4.355;4.413;4.389;4.399;4.610;4.680;4.679;5.057;5.252
06086 Montemolín;1.267;1.280;1.322;1.365;1.361;1.343;1.367;1.403;1.421;1.455;1.467;1.469;1.494;1.504;1.511;1.534;1.520;1.545;1.565;1.582;1.603;1.632;1.652;1.683;1.696;1.724;1.736
06087 Monterrubio de la Serena;2.199;2.237;2.269;2.312;2.326;2.372;2.415;2.463;2.472;2.490;2.537;2.593;2.650;2.702;2.707;2.710;2.724;2.795;2.841;2.904;2.792;2.823;2.920;3.047;3.093;3.131;3.138
06088 Montijo;15.232;15.312;15.427;15.483;15.504;15.457;15.614;15.649;15.674;15.789;15.961;16.121;16.205;16.267;16.279;16.236;15.973;15.711;15.648;15.620;15.512;15.422;15.453;15.408;15.314;15.332;15.498
06089 La Morera;704;703;700;714;714;715;719;725;727;736;744;741;739;737;746;752;764;761;766;768;777;781;786;790;783;785;784
06090 La Nava de Santiago;914;909;911;933;926;932;949;969;997;1.005;1.015;1.029;1.040;1.066;1.072;1.089;1.105;1.116;1.129;1.135;1.140;1.131;1.146;1.159;1.179;1.202;1.204
06091 Navalvillar de Pela;4.345;4.364;4.371;4.392;4.403;4.424;4.444;4.553;4.604;4.671;4.714;4.769;4.831;4.833;4.860;4.787;4.826;4.816;4.770;4.782;4.767;4.860;4.870;4.917;4.923;4.957;5.055
06092 Nogales;640;627;633;646;658;652;666;682;699;700;699;690;701;719;719;724;718;692;688;706;710;736;756;777;788;796;798
06093 Oliva de la Frontera;4.936;4.967;5.010;5.083;5.086;5.137;5.195;5.256;5.340;5.403;5.461;5.482;5.513;5.539;5.573;5.612;5.676;5.718;5.657;5.721;5.751;5.835;5.881;5.933;5.925;5.949;6.002
06094 Oliva de Mérida;1.679;1.669;1.674;1.710;1.725;1.729;1.734;1.763;1.786;1.798;1.795;1.802;1.842;1.848;1.850;1.875;1.878;1.874;1.871;1.888;1.898;1.903;1.963;1.966;1.999;2.009;2.023
06095 Olivenza;11.742;11.776;11.832;11.871;11.912;11.963;11.986;11.977;12.032;12.090;12.104;12.043;12.002;12.008;11.906;11.852;11.814;11.652;11.512;11.389;11.196;11.018;10.762;10.739;10.709;10.585;10.558
06096 Orellana de la Sierra;261;275;252;255;244;228;235;239;243;245;258;265;280;285;292;311;314;310;315;311;313;323;340;360;377;393;392
06097 Orellana la Vieja;2.573;2.594;2.603;2.627;2.641;2.693;2.729;2.756;2.796;2.836;2.842;2.930;2.939;2.955;3.010;3.015;3.034;3.019;3.033;3.102;3.207;3.237;3.278;3.356;3.397;3.522;3.586
06098 Palomas;662;657;662;673;671;678;686;705;700;697;698;709;717;697;692;701;691;703;703;726;728;725;726;699;698;717;709
06099 La Parra;1.284;1.283;1.302;1.322;1.327;1.346;1.360;1.348;1.364;1.383;1.381;1.379;1.389;1.403;1.393;1.390;1.388;1.405;1.419;1.425;1.427;1.420;1.416;1.417;1.403;1.390;1.401
06100 Peñalsordo;824;831;851;870;896;918;949;1.008;1.024;1.042;1.088;1.104;1.121;1.130;1.180;1.210;1.235;1.287;1.327;1.347;1.396;1.410;1.463;1.501;1.517;1.592;1.592
06101 Peraleda del Zaucejo;479;477;500;490;507;513;512;530;555;565;562;587;612;614;606;608;609;592;590;590;600;612;634;642;664;677;682
06102 Puebla de Alcocer;1.107;1.130;1.139;1.174;1.212;1.184;1.188;1.216;1.239;1.240;1.249;1.240;1.278;1.257;1.261;1.272;1.291;1.291;1.288;1.269;1.314;1.368;1.414;1.437;1.476;1.492;1.488
06103 Puebla de la Calzada;5.859;5.812;5.856;5.861;5.834;5.845;5.876;5.914;5.952;5.970;5.991;6.002;6.021;6.019;5.963;5.903;5.772;5.685;5.594;5.587;5.580;5.547;5.527;5.539;5.525;5.526;5.520
06104 Puebla de la Reina;695;707;709;719;724;741;745;771;781;789;804;817;845;843;859;860;864;860;868;912;919;908;907;901;885;897;868
06107 Puebla de Obando;1.806;1.816;1.842;1.839;1.839;1.836;1.868;1.860;1.872;1.894;1.913;1.930;1.944;1.945;1.971;1.988;2.000;2.000;2.020;2.033;2.026;2.032;2.045;2.024;2.043;2.036;2.045
06108 Puebla de Sancho Pérez;2.635;2.640;2.642;2.665;2.676;2.709;2.731;2.745;2.758;2.793;2.798;2.842;2.856;2.878;2.910;2.899;2.886;2.884;2.893;2.880;2.868;2.872;2.891;2.892;2.875;2.914;2.940
06105 Puebla del Maestre;658;642;660;665;670;685;698;716;731;759;767;769;780;780;775;777;806;798;817;831;833;876;906;919;938;960;960
06106 Puebla del Prior;460;448;460;469;480;490;500;495;496;515;523;519;531;531;540;545;543;552;543;545;555;551;565;563;574;583;595
06902 Pueblonuevo del Guadiana;1.953;1.953;1.971;1.989;2.008;2.021;2.033;2.024;2.036;2.046;2.056;2.059;2.056;2.058;2.047;2.018;2.010;1.984;1.972;1.993;1.999;1.976;1.987;1.973; ; ; 
06109 Quintana de la Serena;4.455;4.469;4.536;4.576;4.574;4.597;4.650;4.702;4.762;4.818;4.894;4.928;4.973;5.011;5.037;5.069;5.113;5.130;5.161;5.260;5.223;5.210;5.150;5.171;5.134;5.128;5.162
06110 Reina;142;143;150;151;150;153;159;162;166;169;180;182;194;194;205;201;196;189;194;200;198;209;217;224;226;232;237
06111 Rena;613;614;610;607;610;616;622;624;648;655;660;669;669;662;661;669;652;650;654;637;645;641;657;663;669;680;676
06112 Retamal de Llerena;429;433;435;432;436;443;443;455;454;475;484;492;497;497;499;501;497;491;502;510;521;523;528;549;556;573;590
06113 Ribera del Fresno;3.187;3.193;3.234;3.268;3.256;3.348;3.357;3.394;3.449;3.440;3.496;3.483;3.512;3.482;3.508;3.466;3.432;3.234;3.292;3.369;3.328;3.372;3.398;3.417;3.423;3.431;3.331
06114 Risco;127;122;121;130;132;140;141;150;152;158;151;146;154;162;171;166;167;167;176;194;204;206;219;220;216;220;231
06115 La Roca de la Sierra;1.453;1.436;1.435;1.442;1.455;1.464;1.473;1.503;1.512;1.515;1.514;1.489;1.524;1.519;1.518;1.526;1.535;1.562;1.579;1.578;1.562;1.586;1.590;1.610;1.633;1.644;1.645
06116 Salvaleón;1.656;1.671;1.701;1.692;1.721;1.755;1.800;1.829;1.865;1.893;1.916;1.958;1.991;2.022;2.039;2.049;2.052;2.081;2.127;2.172;2.177;2.181;2.177;2.211;2.214;2.220;2.330
06117 Salvatierra de los Barros;1.559;1.573;1.590;1.608;1.607;1.645;1.664;1.692;1.701;1.712;1.721;1.751;1.767;1.779;1.772;1.788;1.802;1.829;1.845;1.866;1.889;1.886;1.927;1.951;1.973;1.974;2.001
06119 San Pedro de Mérida;861;879;851;852;838;843;837;850;860;877;853;878;872;881;871;880;850;852;842;845;804;821;829;815;816;811;810
06123 San Vicente de Alcántara;5.204;5.262;5.291;5.340;5.377;5.408;5.475;5.528;5.620;5.689;5.725;5.752;5.788;5.754;5.768;5.808;5.822;5.841;5.825;5.821;5.831;5.883;5.908;5.927;5.908;5.930;5.930
06118 Sancti-Spíritus;145;154;161;163;165;167;175;188;214;227;222;228;235;243;240;237;242;253;233;241;250;263;287;292;309;308;303
06120 Santa Amalia;3.920;3.939;3.942;3.957;3.975;4.021;4.059;4.065;4.108;4.149;4.196;4.267;4.297;4.346;4.338;4.326;4.399;4.405;4.414;4.398;4.373;4.394;4.398;4.380;4.332;4.356;4.356
06121 Santa Marta;4.145;4.136;4.125;4.094;4.124;4.122;4.176;4.204;4.293;4.301;4.321;4.289;4.355;4.351;4.319;4.322;4.287;4.310;4.236;4.237;4.157;4.124;4.157;4.102;4.102;4.100;4.081
06122 Los Santos de Maimona;8.070;8.096;8.072;8.064;8.075;8.091;8.126;8.137;8.218;8.254;8.249;8.231;8.245;8.244;8.242;8.193;8.107;8.087;8.036;7.982;7.911;7.862;7.899;7.902;7.924;7.938;7.929
06124 Segura de León;1.792;1.783;1.818;1.834;1.851;1.889;1.921;1.944;1.991;2.012;2.052;2.055;2.066;2.089;2.115;2.140;2.163;2.170;2.191;2.208;2.214;2.241;2.297;2.283;2.296;2.307;2.325
06125 Siruela;1.771;1.802;1.841;1.852;1.861;1.903;1.912;1.944;1.981;2.017;2.059;2.079;2.124;2.170;2.199;2.192;2.191;2.199;2.214;2.251;2.269;2.329;2.391;2.441;2.463;2.483;2.528
06126 Solana de los Barros;2.542;2.538;2.553;2.575;2.601;2.623;2.645;2.679;2.700;2.692;2.717;2.758;2.770;2.797;2.795;2.826;2.814;2.819;2.714;2.611;2.657;2.710;2.750;2.793;2.768;2.839;2.813
06127 Talarrubias;3.259;3.274;3.285;3.355;3.406;3.412;3.420;3.473;3.529;3.576;3.597;3.625;3.650;3.624;3.617;3.630;3.646;3.620;3.628;3.616;3.601;3.599;3.609;3.630;3.658;3.731;3.731
06128 Talavera la Real;5.298;5.282;5.276;5.311;5.314;5.314;5.376;5.381;5.453;5.484;5.535;5.548;5.603;5.557;5.509;5.509;5.348;5.146;5.126;5.164;5.210;5.204;5.255;5.295;5.317;5.307;5.338
06129 Táliga;660;662;663;674;678;665;681;697;708;721;746;743;767;777;792;801;808;791;677;694;712;719;738;762;766;767;752
06130 Tamurejo;199;205;201;211;212;214;215;223;230;225;235;246;249;255;258;259;257;257;265;266;268;270;276;269;272;282;290
06131 Torre de Miguel Sesmero;1.241;1.230;1.228;1.235;1.246;1.250;1.265;1.279;1.259;1.261;1.274;1.268;1.274;1.261;1.261;1.257;1.262;1.232;1.206;1.206;1.220;1.249;1.274;1.274;1.273;1.274;1.267
06132 Torremayor;1.004;1.010;985;985;949;957;973;998;1.013;1.049;1.041;1.039;1.044;1.043;1.011;1.004;1.000;1.004;1.011;1.020;1.004;1.017;1.044;1.051;1.067;1.089;1.121
06133 Torremejía;2.222;2.246;2.236;2.249;2.257;2.250;2.264;2.270;2.261;2.259;2.263;2.258;2.254;2.233;2.217;2.228;2.223;2.178;2.184;2.148;2.127;2.108;2.091;2.073;2.045;2.030;2.030
06134 Trasierra;593;607;612;617;625;622;633;644;656;654;659;666;675;694;680;691;689;693;701;702;703;706;718;720;712;706;701
06135 Trujillanos;1.382;1.401;1.401;1.389;1.376;1.387;1.401;1.409;1.418;1.442;1.430;1.456;1.473;1.455;1.433;1.439;1.437;1.408;1.368;1.363;1.337;1.324;1.379;1.358;1.358;1.348;1.316
06136 Usagre;1.723;1.747;1.765;1.761;1.751;1.763;1.777;1.787;1.822;1.851;1.884;1.891;1.926;1.940;1.963;1.956;1.968;1.985;1.996;2.011;2.011;2.033;2.072;2.071;2.089;2.101;2.124
06137 Valdecaballeros;1.051;1.066;1.075;1.088;1.065;1.077;1.074;1.105;1.116;1.135;1.156;1.175;1.202;1.212;1.209;1.218;1.254;1.239;1.264;1.277;1.288;1.330;1.384;1.418;1.423;1.465;1.475
06901 Valdelacalzada;2.755;2.762;2.755;2.731;2.721;2.711;2.734;2.753;2.782;2.784;2.752;2.851;2.871;2.852;2.838;2.804;2.737;2.678;2.640;2.601;2.591;2.572;2.599;2.590;2.582;2.591;2.580
06138 Valdetorres;1.135;1.155;1.161;1.170;1.179;1.173;1.179;1.204;1.221;1.246;1.255;1.255;1.281;1.279;1.292;1.331;1.329;1.342;1.315;1.332;1.326;1.355;1.379;1.387;1.382;1.378;1.394
06139 Valencia de las Torres;480;502;512;519;540;564;578;600;623;645;673;672;673;690;695;687;700;710;708;724;734;760;811;831;855;874;875
06140 Valencia del Mombuey;713;725;718;715;725;744;731;747;756;766;768;781;797;809;809;782;788;798;798;793;803;795;793;811;817;832;839
06141 Valencia del Ventoso;1.885;1.900;1.921;1.931;1.960;1.973;2.008;2.035;2.045;2.084;2.115;2.166;2.158;2.188;2.230;2.249;2.238;2.204;2.218;2.215;2.256;2.279;2.307;2.339;2.355;2.417;2.417
06146 Valle de la Serena;1.093;1.111;1.127;1.160;1.172;1.191;1.224;1.251;1.265;1.302;1.332;1.369;1.399;1.406;1.414;1.425;1.431;1.457;1.474;1.501;1.490;1.510;1.532;1.568;1.588;1.612;1.633
06147 Valle de Matamoros;332;346;344;358;363;367;367;372;379;391;407;413;425;435;440;423;431;442;440;456;459;473;491;494;505;519;522
06148 Valle de Santa Ana;1.107;1.113;1.132;1.129;1.143;1.139;1.152;1.148;1.163;1.175;1.162;1.174;1.181;1.171;1.182;1.192;1.188;1.190;1.196;1.208;1.211;1.223;1.220;1.230;1.221;1.271;1.271
06142 Valverde de Burguillos;270;280;273;278;273;273;281;290;292;296;302;311;309;319;322;322;319;319;322;326;338;355;372;383;375;385;390
06143 Valverde de Leganés;4.218;4.209;4.172;4.157;4.167;4.159;4.176;4.204;4.202;4.184;4.193;4.230;4.238;4.199;4.179;4.155;4.082;4.006;3.959;3.894;3.837;3.786;3.804;3.789;3.767;3.751;3.745
06144 Valverde de Llerena;566;557;562;566;570;585;603;621;642;645;662;673;676;689;706;714;719;730;744;762;779;790;803;818;829;847;864
06145 Valverde de Mérida;1.010;1.018;1.023;1.036;1.047;1.055;1.060;1.068;1.078;1.086;1.107;1.132;1.138;1.152;1.153;1.159;1.149;1.159;1.173;1.181;1.128;1.131;1.138;1.148;1.150;1.144;1.150
06149 Villafranca de los Barros;12.362;12.366;12.429;12.534;12.673;12.835;12.926;13.114;13.224;13.289;13.314;13.378;13.329;13.269;13.266;13.356;13.201;13.084;13.056;12.894;12.618;12.614;12.568;12.531;12.537;12.482;12.444
06150 Villagarcía de la Torre;891;883;905;910;906;907;913;926;942;945;959;984;994;1.012;981;986;986;992;1.003;1.018;1.012;1.010;1.023;1.033;1.012;1.022;1.036
06151 Villagonzalo;1.223;1.212;1.217;1.231;1.234;1.234;1.243;1.247;1.261;1.295;1.290;1.302;1.321;1.336;1.351;1.348;1.352;1.353;1.334;1.336;1.357;1.373;1.410;1.429;1.446;1.471;1.504
06152 Villalba de los Barros;1.447;1.441;1.446;1.472;1.475;1.477;1.504;1.538;1.570;1.574;1.588;1.601;1.614;1.643;1.638;1.654;1.675;1.689;1.704;1.670;1.682;1.667;1.696;1.721;1.745;1.757;1.757
06153 Villanueva de la Serena;25.784;25.751;25.873;25.837;25.752;25.667;25.759;25.882;25.992;26.021;26.101;26.157;26.071;26.076;26.111;25.838;25.576;25.318;24.932;24.713;24.491;24.512;24.191;23.997;23.875;23.717;23.745
06154 Villanueva del Fresno;3.274;3.272;3.316;3.335;3.364;3.397;3.401;3.411;3.464;3.489;3.538;3.579;3.617;3.655;3.663;3.678;3.645;3.610;3.564;3.534;3.548;3.493;3.497;3.487;3.489;3.522;3.332
06156 Villar de Rena;1.323;1.320;1.332;1.332;1.353;1.379;1.383;1.397;1.411;1.413;1.420;1.422;1.438;1.418;1.455;1.457;1.479;1.474;1.506;1.540;1.557;1.571;1.627;1.680;1.696;1.726;1.720
06155 Villar del Rey;2.080;2.101;2.089;2.103;2.106;2.117;2.168;2.203;2.241;2.273;2.301;2.319;2.355;2.374;2.387;2.386;2.447;2.540;2.517;2.432;2.290;2.303;2.322;2.328;2.313;2.323;2.336
06157 Villarta de los Montes;395;403;403;418;423;437;444;476;503;516;522;542;550;575;592;587;586;595;597;621;611;641;645;665;680;696;707
06158 Zafra;16.711;16.672;16.702;16.786;16.810;16.797;16.776;16.822;16.855;16.857;16.828;16.762;16.753;16.577;16.433;16.424;16.218;16.014;15.706;15.674;15.542;15.477;15.373;15.270;15.158;15.059;15.001
06159 Zahínos;2.765;2.766;2.776;2.780;2.774;2.803;2.805;2.819;2.803;2.844;2.864;2.864;2.877;2.879;2.888;2.906;2.903;2.895;2.938;2.959;2.961;2.995;3.026;3.030;3.043;3.096;3.096
06160 Zalamea de la Serena;3.431;3.428;3.460;3.473;3.545;3.555;3.606;3.665;3.751;3.786;3.797;3.853;3.884;3.908;3.917;3.978;3.978;4.120;4.250;4.303;4.345;4.431;4.554;4.633;4.647;4.636;4.712
06162 La Zarza;3.345;3.369;3.386;3.380;3.402;3.472;3.508;3.485;3.542;3.586;3.591;3.622;3.645;3.637;3.621;3.563;3.568;3.546;3.578;3.565;3.585;3.585;3.619;3.615;3.586;3.623;3.622
06161 Zarza-Capilla;299;297;305;296;310;311;310;328;347;359;363;369;382;382;393;403;417;422;439;449;460;479;483;499;516;531;526
;;;;;;;;;;;;;;;;;;;;;;;;;;;
;;;;;;;;;;;;;;;;;;;;;;;;;;;
Notas:;;;;;;;;;;;;;;;;;;;;;;;;;;;
Las cifras de 1996 están referidas a 1 de mayo y  las demás a 1 de enero.;;;;;;;;;;;;;;;;;;;;;;;;;;;
No existen cifras a 1 de enero de 1997 porque no se realizó revisión del padrón para ese año;;;;;;;;;;;;;;;;;;;;;;;;;;;
Si en la serie de datos en algún año no existe población es porque a la fecha de referencia no existía el municipio.;;;;;;;;;;;;;;;;;;;;;;;;;;;
;;;;;;;;;;;;;;;;;;;;;;;;;;;
Fuente: ;;;;;;;;;;;;;;;;;;;;;;;;;;;
Instituto Nacional de Estadística;;;;;;;;;;;;;;;;;;;;;;;;;;;
